-- |***** CONVOCATORIA *****|

-- DOCUMENTACION
INSERT INTO documentacion (id, nombre) VALUES (1, 'PagaFor-24');
INSERT INTO documentacion (id, nombre) VALUES (2, 'PagaFor-25');
INSERT INTO documentacion (id, nombre) VALUES (3, 'PagaFor-26');
INSERT INTO documentacion (id, nombre) VALUES (4, 'PagaFor-27');
INSERT INTO documentacion (id, nombre) VALUES (5, 'PagaFor-28');

-- TIPO FINANCIACION
INSERT INTO tipofinanciacion (id, tipo) VALUES (1, 'Interno');
INSERT INTO tipofinanciacion (id, tipo) VALUES (2, 'Externo');

-- CHECKLIST
INSERT INTO checklist (id, tipoFinanciacionId, documentacionId) VALUES (1, 1, 1);
INSERT INTO checklist (id, tipoFinanciacionId, documentacionId) VALUES (2, 1, 2);
INSERT INTO checklist (id, tipoFinanciacionId, documentacionId) VALUES (3, 1, 3);
INSERT INTO checklist (id, tipoFinanciacionId, documentacionId) VALUES (4, 2, 4);
INSERT INTO checklist (id, tipoFinanciacionId, documentacionId) VALUES (5, 2, 5);

-- CONVOCATORIA
INSERT INTO convocatoria (id, nombre, objetivos, oferente, fechaInicio, fechaFin, estado, recurrente, eliminadoLogico, tipoFinanciacionId) VALUES (1, 'Internos 2023', 'Ayudar a la investigación de la U 2023', 'Universidad del Cauca', '2023-01-01', '2023-12-31', 'ABIERTA', true, false, 1);
INSERT INTO convocatoria (id, nombre, objetivos, oferente, fechaInicio, fechaFin, estado, recurrente, eliminadoLogico, tipoFinanciacionId) VALUES (2, 'Internos 2022', 'Ayudar a la investigación de la U 2022', 'Universidad del Cauca', '2022-01-01', '2024-12-31', 'CERRADA', true, false, 1);
INSERT INTO convocatoria (id, nombre, objetivos, oferente, fechaInicio, fechaFin, estado, recurrente, eliminadoLogico, tipoFinanciacionId) VALUES (3, 'Internos 2024', 'Ayudar a la investigación de la U 2024', 'Universidad del Cauca', '2024-01-01', '2024-12-31', 'PROGRAMADA', true, false, 1);
INSERT INTO convocatoria (id, nombre, objetivos, oferente, fechaInicio, fechaFin, estado, recurrente, eliminadoLogico, tipoFinanciacionId) VALUES (4, 'Externo Gobernacion del Cauca', 'Plan para mejorar el sistema de producción', 'Licorería del Cauca', '2024-01-01', '2024-12-31', 'PROGRAMADA', true, false, 2);





-- |***** PROYECTO *****|

-- PROYECTO
INSERT INTO proyecto (id, nombre, estado, fechaInicio, fechaFin, planteamiento, objetivoGeneral, objetivosEspecificos, justificacion, enfoqueMetodologico, aspectosEticosLegales, confidencialidadDeInformacion, efectosAdversos, impactosResultadosEsperados, consideraciones, eliminadoLogico, convocatoriaId) VALUES (1, 'Proyecto Internos 2023', 'Formulado', '2024-08-30', '2024-08-30', 'Este sera un proyecto super elegante', 'Elaborar un proyecto re elegante', 'Alcanzar la Elegancia', 'Texto', 'Texto', 'Texto', 'Texto', 'Texto', 'Texto', 'Texto', 0, 1);
INSERT INTO proyecto (id, nombre, estado, fechaInicio, fechaFin, planteamiento, objetivoGeneral, objetivosEspecificos, justificacion, enfoqueMetodologico, aspectosEticosLegales, confidencialidadDeInformacion, efectosAdversos, impactosResultadosEsperados, consideraciones, eliminadoLogico, convocatoriaId) VALUES (2, 'Proyecto Internos 2022', 'Formulado', '2024-08-30', '2024-08-30', 'Este sera un proyecto super elegante', 'Elaborar un proyecto re elegante', 'Alcanzar la Elegancia', 'Texto', 'Texto', 'Texto', 'Texto', 'Texto', 'Texto', 'Texto', 0, 2);
INSERT INTO proyecto (id, nombre, estado, fechaInicio, fechaFin, planteamiento, objetivoGeneral, objetivosEspecificos, justificacion, enfoqueMetodologico, aspectosEticosLegales, confidencialidadDeInformacion, efectosAdversos, impactosResultadosEsperados, consideraciones, eliminadoLogico, convocatoriaId) VALUES (3, 'Proyecto Internos 2024', 'Formulado', '2024-08-30', '2024-08-30', 'Este sera un proyecto super elegante', 'Elaborar un proyecto re elegante', 'Alcanzar la Elegancia', 'Texto', 'Texto', 'Texto', 'Texto', 'Texto', 'Texto', 'Texto', 0, 3);
INSERT INTO proyecto (id, nombre, estado, fechaInicio, fechaFin, planteamiento, objetivoGeneral, objetivosEspecificos, justificacion, enfoqueMetodologico, aspectosEticosLegales, confidencialidadDeInformacion, efectosAdversos, impactosResultadosEsperados, consideraciones, eliminadoLogico, convocatoriaId) VALUES (4, 'Proyecto Externo Gobernacion del Cauca', 'Formulado', '2024-08-30', '2024-08-30', 'Este sera un proyecto super elegante', 'Elaborar un proyecto re elegante', 'Alcanzar la Elegancia', 'Texto', 'Texto', 'Texto', 'Texto', 'Texto', 'Texto', 'Texto', 0, 4);

-- ENFOQUE DIFERENCIAL
INSERT INTO enfoque_diferencial (id, nombre) VALUES (1, 'Comunidad Afro');
INSERT INTO enfoque_diferencial (id, nombre) VALUES (2, 'Comunidad Palenquera');
INSERT INTO enfoque_diferencial (id, nombre) VALUES (3, 'Comunidad Indigena');
INSERT INTO enfoque_diferencial (id, nombre) VALUES (4, 'Comunidad LGBTIQ+');

-- ENFOQUE DIFERENCIAL PROYECTO
INSERT INTO enfoque_diferencial_proyecto(id, enfoqueDiferencialId, proyectoId) VALUES (1, 1, 1);
INSERT INTO enfoque_diferencial_proyecto(id, enfoqueDiferencialId, proyectoId) VALUES (2, 2, 1);
INSERT INTO enfoque_diferencial_proyecto(id, enfoqueDiferencialId, proyectoId) VALUES (3, 3, 1);
INSERT INTO enfoque_diferencial_proyecto(id, enfoqueDiferencialId, proyectoId) VALUES (4, 4, 2);





-- |***** USUARIO *****|

-- ROL FUNCIONARIO
INSERT INTO rol_funcionario (id, nombre) VALUES (1, 'SUPER_ADMIN');
INSERT INTO rol_funcionario (id, nombre) VALUES (2, 'USUARIOS');
INSERT INTO rol_funcionario (id, nombre) VALUES (3, 'GRUPOS');
INSERT INTO rol_funcionario (id, nombre) VALUES (4, 'SEMILLEROS');
INSERT INTO rol_funcionario (id, nombre) VALUES (5, 'PROYECTOS_INTERNOS');
INSERT INTO rol_funcionario (id, nombre) VALUES (6, 'PROYECTOS_EXTERNOS');
INSERT INTO rol_funcionario (id, nombre) VALUES (7, 'VICERRECTOR');

-- USUARIO
INSERT INTO usuario (id, correo, tipoDocumento, numeroDocumento, sexo, tipoUsuario, nombres, apellidos, telefono) VALUES (1, 'miguelmonje@unicauca.edu.co', 'CEDULA_CIUDADANIA', '10611', 'MASCULINO', 'ADMINISTRATIVO', 'Miguel', 'Mosquera', '3225864404' );

-- FUNCIONARIO
INSERT INTO funcionario (id, usuarioId) VALUES (1, 1);

-- ROL ADMINISTRATIVO
INSERT INTO rol_administrativo (id, funcionarioId, rolFuncionarioId, estado, fechaInicio) VALUES (1, 1, 1, true, '2024-01-01');
INSERT INTO rol_administrativo (id, funcionarioId, rolFuncionarioId, estado, fechaInicio) VALUES (2, 1, 2, true, '2024-01-01');

